game_year,game_week,team_1_abbr,team_1_city,team_1_mascot,team_1_score,team_1_leader_passing,team_1_leader_passing_yds,team_1_leader_passing_td,team_1_leader_passing_int,team_1_leader_rushing,team_1_leader_rushing_yds,team_1_leader_rushing_td,team_1_leader_receiving,team_1_leader_receiving_yds,team_1_leader_receiving_td,team_2_abbr,team_2_city,team_2_mascot,team_2_score,team_2_leader_passing,team_2_leader_passing_yds,team_2_leader_passing_td,team_2_leader_passing_int,team_2_leader_rushing,team_2_leader_rushing_yds,team_2_leader_rushing_td,team_2_leader_receiving,team_2_leader_receiving_yds,team_2_leader_receiving_td,game_leader_scorer,game_leader_scorer_points,game_leader_kicker,game_leader_kicker_points,game_headline,game_headline_annotated,clean_data
2016,1,DEN,Denver,Broncos,21,Trevor Siemian,178,1,2,C.J. Anderson,92,1,Emmanuel Sanders,49,0,CAR,Carolina,Panthers,20,Cam Newton,194,1,1,Jonathan Stewart,64,0,Kelvin Benjamin,91,1,C.J. Anderson,2,Graham Gano,2,Broncos escape as Panthers' winner sails left,[team_1_mascot] escape as [team_2_mascot]' winner sails left,1
2016,1,GB,Green Bay,Packers,27,Aaron Rodgers,199,2,0,Eddie Lacy,61,0,Randall Cobb,57,0,JAX,Jacksonville,Jaguars,23,Blake Bortles,320,1,1,T.J. Yeldon,39,1,Allen Hurns,75,0,Davante Adams,1,Jason Myers,3,"Rodgers accounts for 3 TDs, Packers beat Jaguars 27-23","[team_1_leader_passing] accounts for [team_1_leader_passing_td] TDs, [team_1_mascot] beat [team_2_mascot] [game_score]",1
2016,1,BAL,Baltimore,Ravens,13,Joe Flacco,258,1,0,Justin Forsett,41,0,Mike Wallace,91,1,BUF,Buffalo,Bills,7,Tyrod Taylor,111,0,0,LeSean McCoy,58,1,Sammy Watkins,43,0,Mike Wallace,1,Justin Tucker,2,Ravens go on defensive in 13-7 win over Bills,[team_1_mascot] go on defensive in [game_score] win over [team_2_mascot],1
2016,1,HOU,Houston,Texans,23,Brock Osweiler,231,2,1,Lamar Miller,106,0,Will Fuller V,107,1,CHI,Chicago,Bears,14,Jay Cutler,216,1,1,Jeremy Langford,57,1,Alshon Jeffery,105,0,Eddie Royal,1,Nick Novak,3,Osweiler solid in debut to lead Houston over Bears 23-14,[team_1_leader_passing] solid in debut to lead [team_1_city] over [team_2_mascot] [game_score],0
2016,1,PHI,Philadelphia,Eagles,29,Carson Wentz,278,2,0,Ryan Mathews,77,1,Jordan Matthews,114,1,CLE,Cleveland,Browns,10,Robert Griffin III,190,0,1,Isaiah Crowell,62,1,Corey Coleman,69,0,Jordan Matthews,1,Caleb Sturgis,2,Carson Wentz leads Eagles past Browns 29-10,[team_1_leader_passing] leads [team_1_mascot] past [team_2_mascot] [game_score],1
2016,1,TB,Tampa Bay,Buccaneers,31,Jameis Winston,281,4,1,Doug Martin,62,0,Mike Evans,99,1,ATL,Atlanta,Falcons,24,Matt Ryan,334,2,0,Tevin Coleman,22,0,Tevin Coleman,95,0,Austin Seferian-Jenkins,1,Matt Bryant,3,"Winston throws 4 TD passes, Bucs beat Falcons 31-24","[team_1_leader_passing] throws [team_1_leader_passing_td] TD passes, [team_1_mascot] beat [team_2_mascot] [game_score]",1
2016,1,MIN,Minnesota,Vikings,25,Shaun Hill,236,0,0,Adrian Peterson,31,0,Stefon Diggs,103,0,TEN,Tennessee,Titans,16,Marcus Mariota,271,2,1,DeMarco Murray,42,0,Tajae Sharpe,76,0,DeMarco Murray,2,Blair Walsh,4,Vikings score 2 TDs off turnovers in beating Titans 25-16,[team_1_mascot] score 2 TDs off turnovers in beating [team_2_mascot] [game_score],0
2016,1,CIN,Cincinnati,Bengals,23,Andy Dalton,366,1,1,Jeremy Hill,31,1,A.J. Green,180,1,NYJ,New York,Jets,22,Ryan Fitzpatrick,189,2,1,Matt Forte,96,0,Matt Forte,59,0,Jeremy Hill,1,Nick Folk,3,Nugent's 47-yarder field goal leads Bengals past Jets 23-22,Nugent's 47-yarder field goal leads [team_1_mascot] past [team_2_mascot] [game_score],0
2016,1,OAK,Oakland,Raiders,35,Derek Carr,319,1,0,Jalen Richard,84,1,Amari Cooper,137,0,NO,New Orleans,Saints,34,Drew Brees,423,4,0,Mark Ingram,58,0,Willie Snead,172,1,Brandin Cooks,2,Sebastian Janikowski,2,"Carr, Raiders rally to beat Saints 35-34","[team_1_leader_passing], [team_1_mascot] rally to beat [team_2_mascot] [game_score]",1
2016,1,KC,Kansas City,Chiefs,33,Alex Smith,363,2,1,Spencer Ware,70,1,Spencer Ware,129,0,SD,San Diego,Chargers,27,Philip Rivers,243,1,0,Danny Woodhead,89,0,Tyrell Williams,71,0,Melvin Gordon,2,Josh Lambo,2,"Chiefs overcome 17-point deficit, beat Chargers 33-27 in OT","[team_1_mascot] overcome 17-point deficit, beat [team_2_mascot] [game_score] in OT",0
2016,1,SEA,Seattle,Seahawks,12,Russell Wilson,258,1,1,Christine Michael,66,0,Doug Baldwin,92,1,MIA,Miami,Dolphins,10,Ryan Tannehill,186,0,0,Arian Foster,38,0,Arian Foster,62,0,Ryan Tannehill,1,Steven Hauschka,2,"Behind Wilson, Seattle rallies for 12-10 win over Miami","Behind [team_1_leader_passing], [team_1_city] rallies for [game_score] win over [team_2_city]",1
2016,1,DET,Detroit,Lions,39,Matthew Stafford,340,3,0,Ameer Abdullah,63,0,Marvin Jones,85,0,IND,Indianapolis,Colts,35,Andrew Luck,385,4,0,Frank Gore,59,0,Phillip Dorsett,94,0,Jack Doyle,2,Adam Vinatieri,2,Prater gets redemption with late field in 39-35 win at Indy,Prater gets redemption with late field in [game_score] win at Indy,0
2016,1,NYG,New York,Giants,20,Eli Manning,207,3,1,Rashad Jennings,75,0,Odell Beckham Jr.,73,0,DAL,Dallas,Cowboys,19,Dak Prescott,227,0,0,Ezekiel Elliott,51,1,Jason Witten,66,0,Sterling Shepard,1,Dan Bailey,4,"Manning hits Cruz for go-ahead TD, Giants top Cowboys 20-19","[team_1_leader_passing] hits Cruz for go-ahead TD, [team_1_mascot] top [team_2_mascot] [game_score]",0
2016,1,NE,New England,Patriots,23,Jimmy Garoppolo,264,1,0,LeGarrette Blount,70,1,Julian Edelman,66,0,ARI,Arizona,Cardinals,21,Carson Palmer,271,2,0,David Johnson,89,1,Larry Fitzgerald,81,2,Larry Fitzgerald,2,Stephen Gostkowski,3,Jimmy Garoppolo helps Patriots beat Cardinals 23-21,[team_1_leader_passing] helps [team_1_mascot] beat [team_2_mascot] [game_score],1
2016,1,PIT,Pittsburgh,Steelers,38,Ben Roethlisberger,300,3,1,DeAngelo Williams,143,2,Antonio Brown,126,2,WSH,Washington,Redskins,16,Kirk Cousins,329,0,2,Matt Jones,24,0,DeSean Jackson,102,0,Antonio Brown,2,Dustin Hopkins,3,Roethlisberger throws for 3 TDs as Steelers beat Redskins,[team_1_leader_passing] throws for [team_1_leader_passing_td] TDs as [team_1_mascot] beat [team_2_mascot],1
2016,1,SF,San Francisco,49ers,28,Blaine Gabbert,170,1,0,Carlos Hyde,88,2,Jeremy Kerley,61,0,LA,Los Angeles,Rams,0,Case Keenum,130,0,2,Todd Gurley,47,0,Kenny Britt,67,0,Carlos Hyde,2,N/A,0,49ers open Chip Kelly era with 28-0 victory over Rams,[team_1_mascot] open Chip Kelly era with [game_score] victory over [team_2_mascot],0
2016,2,NYJ,New York,Jets,37,Ryan Fitzpatrick,374,1,0,Matt Forte,100,3,Eric Decker,126,1,BUF,Buffalo,Bills,31,Tyrod Taylor,297,3,1,LeSean McCoy,59,0,Marquise Goodwin,112,1,Matt Forte,3,Nick Folk,3,Forte scores 3 TDs to help Jets outlast Bills,[game_leader_scorer] scores [game_leader_scorer_points] TDs to help [team_1_mascot] outlast [team_2_mascot],1
2016,2,PIT,Pittsburgh,Steelers,24,Ben Roethlisberger,259,3,2,DeAngelo Williams,94,0,Sammie Coates,97,0,CIN,Cincinnati,Bengals,16,Andy Dalton,366,1,0,Jeremy Hill,22,0,Giovani Bernard,100,1,Giovani Bernard,1,Mike Nugent,3,Steelers grind their way past Bengals 24-16,[team_1_mascot] grind their way past [team_2_mascot] [game_score],1
2016,2,TEN,Tennessee,Titans,16,Marcus Mariota,238,2,1,DeMarco Murray,89,0,Delanie Walker,83,1,DET,Detroit,Lions,15,Matthew Stafford,260,1,1,Ameer Abdullah,38,0,Marvin Jones,118,0,Delanie Walker,1,Matt Prater,2,Titans rally to beat Lions 16-15 on Mariota's 2 TD passes,[team_1_mascot] rally to beat [team_2_mascot] [game_score] on [team_1_leader_passing]'s [team_1_leader_passing_td] TD passes,1
2016,2,BAL,Baltimore,Ravens,25,Joe Flacco,302,2,2,Terrance West,42,0,Dennis Pitta,102,0,CLE,Cleveland,Browns,20,Josh McCown,260,2,2,Isaiah Crowell,133,1,Corey Coleman,104,2,Corey Coleman,2,Justin Tucker,3,Flacco rallies Ravens to 25-20 win over Browns,[team_1_leader_passing] rallies [team_1_mascot] to [game_score] win over [team_2_mascot],1
2016,2,DAL,Dallas,Cowboys,27,Dak Prescott,292,0,0,Ezekiel Elliott,83,1,Dez Bryant,102,0,WSH,Washington,Redskins,23,Kirk Cousins,364,1,1,Matt Jones,61,1,Jordan Reed,70,0,Dak Prescott,1,Dustin Hopkins,3,Morris' TD after Cousins' INT leads Cowboys past Skins 27-23,Morris' TD after [team_2_leader_passing]' INT leads [team_1_mascot] past Skins [game_score],0
2016,2,NYG,New York,Giants,16,Eli Manning,368,0,0,Shane Vereen,42,0,Sterling Shepard,117,0,NO,New Orleans,Saints,13,Drew Brees,263,1,0,Mark Ingram,30,0,Brandin Cooks,68,0,Janoris Jenkins,1,Josh Brown,3,"Eli to Cruz sets up Giants win again, 16-13 over Saints","Eli to Cruz sets up [team_1_mascot] win again, [game_score] over [team_2_mascot]",0
2016,2,CAR,Carolina,Panthers,46,Cam Newton,353,4,1,Fozzy Whittaker,100,0,Greg Olsen,122,1,SF,San Francisco,49ers,27,Blaine Gabbert,243,2,2,Carlos Hyde,34,0,Vance McDonald,75,1,Kelvin Benjamin,2,Graham Gano,4,"Newton sets TD passing mark, Panthers down 49ers 46-27","[team_1_leader_passing] sets TD passing mark, [team_1_mascot] down [team_2_mascot] [game_score]",1
2016,2,NE,New England,Patriots,31,Jimmy Garoppolo,232,3,0,LeGarrette Blount,123,1,Martellus Bennett,114,1,MIA,Miami,Dolphins,24,Ryan Tannehill,387,2,2,Ryan Tannehill,35,0,Jarvis Landry,135,0,Danny Amendola,2,Andrew Franks,1,"Patriots' Garoppolo injured, still beat Dolphins 31-24","[team_1_mascot]' [team_1_leader_passing] injured, still beat [team_2_mascot] [game_score]",0
2016,2,HOU,Houston,Texans,19,Brock Osweiler,268,1,2,Lamar Miller,83,0,DeAndre Hopkins,113,1,KC,Kansas City,Chiefs,12,Alex Smith,186,0,0,Charcandrick West,61,0,Jeremy Maclin,68,0,DeAndre Hopkins,1,Nick Novak,4,"Novak makes 4 field goals, helps Texans beat Chiefs 19-12","[game_leader_kicker] makes [game_leader_kicker_points] field goals, helps [team_1_mascot] beat [team_2_mascot] [game_score]",1
2016,2,LA,Los Angeles,Rams,9,Case Keenum,239,0,0,Todd Gurley,51,0,Kenny Britt,94,0,SEA,Seattle,Seahawks,3,Russell Wilson,254,0,0,Christine Michael,60,0,Tyler Lockett,99,0,N/A,0,Greg Zuerlein,3,Rams beat Seahawks 9-3 on Zuerlein's leg,[team_1_mascot] beat [team_2_mascot] [game_score] on [game_leader_kicker]'s leg,1
2016,2,ARI,Arizona,Cardinals,40,Carson Palmer,304,3,0,Chris Johnson,54,1,David Johnson,98,0,TB,Tampa Bay,Buccaneers,7,Jameis Winston,243,1,4,Jacquizz Rodgers,29,0,Mike Evans,70,1,Larry Fitzgerald,1,Chandler Catanzaro,2,"Palmers throws for 3 TDs, Winston picked off 4 times in rout","[team_1_leader_passing]s throws for [team_1_leader_passing_td] TDs, [team_2_leader_passing] picked off [team_2_leader_passing_int] times in rout",1
2016,2,SD,San Diego,Chargers,38,Philip Rivers,220,4,0,Melvin Gordon,102,1,Travis Benjamin,115,2,JAX,Jacksonville,Jaguars,14,Blake Bortles,329,2,2,Blake Bortles,34,0,Marqise Lee,75,0,Travis Benjamin,2,Josh Lambo,1,Rivers throws 4 TD pass as Chargers rout Jaguars 38-14,[team_1_leader_passing] throws [team_1_leader_passing_td] TD pass as [team_1_mascot] rout [team_2_mascot] [game_score],1
2016,2,ATL,Atlanta,Falcons,35,Matt Ryan,396,3,1,Devonta Freeman,93,0,Julio Jones,106,1,OAK,Oakland,Raiders,28,Derek Carr,299,3,0,Latavius Murray,57,1,Amari Cooper,71,0,Latavius Murray,1,Matt Bryant,2,Falcons use deflected TD pass to beat Raiders 35-28,[team_1_mascot] use deflected TD pass to beat [team_2_mascot] [game_score],0
2016,2,DEN,Denver,Broncos,34,Trevor Siemian,266,0,1,C.J. Anderson,74,1,Demaryius Thomas,90,0,IND,Indianapolis,Colts,20,Andrew Luck,197,1,1,Frank Gore,44,0,T.Y. Hilton,41,0,Robert Turbin,1,Brandon McManus,4,Miller's sack-strip leads Broncos past Colts,Miller's sack-strip leads [team_1_mascot] past [team_2_mascot],0
2016,2,MIN,Minnesota,Vikings,17,Sam Bradford,286,2,0,Adrian Peterson,19,0,Stefon Diggs,182,1,GB,Green Bay,Packers,14,Aaron Rodgers,213,1,1,Eddie Lacy,50,0,Jordy Nelson,73,1,Jordy Nelson,1,Blair Walsh,1,Bradford leads Vikings over Packers 17-14 in Minnesota,[team_1_leader_passing] leads [team_1_mascot] over [team_2_mascot] [game_score] in [team_1_city],1
2016,2,PHI,Philadelphia,Eagles,29,Carson Wentz,190,1,0,Darren Sproles,40,0,Jordan Matthews,71,0,CHI,Chicago,Bears,14,Jay Cutler,157,0,1,Jeremy Langford,28,1,Alshon Jeffery,96,0,Ryan Mathews,2,Caleb Sturgis,3,Wentz comes through again as Eagles beat Bears 29-14,[team_1_leader_passing] comes through again as [team_1_mascot] beat [team_2_mascot] [game_score],1
2016,3,NE,New England,Patriots,27,Jacoby Brissett,103,0,0,LeGarrette Blount,105,2,Julian Edelman,38,0,HOU,Houston,Texans,0,Brock Osweiler,196,0,1,Lamar Miller,80,0,DeAndre Hopkins,56,0,LeGarrette Blount,2,Stephen Gostkowski,2,"Brissett, Blount lead Patriots past Texans 27-0","[team_1_leader_passing], [game_leader_scorer] lead [team_1_mascot] past [team_2_mascot] [game_score]",1
2016,3,BUF,Buffalo,Bills,33,Tyrod Taylor,119,0,1,LeSean McCoy,110,2,Robert Woods,51,0,ARI,Arizona,Cardinals,18,Carson Palmer,287,0,4,David Johnson,83,2,John Brown,70,0,David Johnson,2,Dan Carpenter,2,Bills bounce back with 33-18 win over Cardinals,[team_1_mascot] bounce back with [game_score] win over [team_2_mascot],1
2016,3,OAK,Oakland,Raiders,17,Derek Carr,249,1,1,DeAndre Washington,57,0,Michael Crabtree,102,0,TEN,Tennessee,Titans,10,Marcus Mariota,214,0,2,DeMarco Murray,114,1,Jace Amaro,59,0,DeMarco Murray,1,Sebastian Janikowski,1,Oakland Raiders beat Titans 17-10,[team_1_city] [team_1_mascot] beat [team_2_mascot] [game_score],1
2016,3,MIA,Miami,Dolphins,30,Ryan Tannehill,319,3,2,Kenyan Drake,37,0,Jarvis Landry,120,1,CLE,Cleveland,Browns,24,Cody Kessler,244,0,0,Isaiah Crowell,79,0,Terrelle Pryor Sr.,144,0,DeVante Parker,1,Cody Parkey,3,Ajayi scores in overtime as Miami tops Cleveland,Ajayi scores in overtime as [team_1_city] tops [team_2_city],0
2016,3,BAL,Baltimore,Ravens,19,Joe Flacco,214,0,2,Terrance West,45,0,Steve Smith Sr.,87,0,JAX,Jacksonville,Jaguars,17,Blake Bortles,194,2,3,Blake Bortles,17,0,Allen Robinson,57,2,Allen Robinson,2,Justin Tucker,4,Tucker's field goals lift Ravens to 19-17 win at Jags,[game_leader_kicker]'s field goals lift [team_1_mascot] to [game_score] win at Jags,1
2016,3,GB,Green Bay,Packers,34,Aaron Rodgers,205,4,0,Eddie Lacy,103,0,Jordy Nelson,101,2,DET,Detroit,Lions,27,Matthew Stafford,385,3,1,Dwayne Washington,38,0,Marvin Jones,205,2,Marvin Jones,2,Mason Crosby,2,Offense hums before Packers hold off Lions 34-27,Offense hums before [team_1_mascot] hold off [team_2_mascot] [game_score],1
2016,3,DEN,Denver,Broncos,29,Trevor Siemian,312,4,0,C.J. Anderson,37,0,Emmanuel Sanders,117,2,CIN,Cincinnati,Bengals,17,Andy Dalton,206,0,1,Jeremy Hill,97,2,A.J. Green,77,0,Emmanuel Sanders,2,Brandon McManus,1,Siemian's 4 TD passes lead Broncos over Bengals 29-17,[team_1_leader_passing]'s [team_1_leader_passing_td] TD passes lead [team_1_mascot] over [team_2_mascot] [game_score],1
2016,3,MIN,Minnesota,Vikings,22,Sam Bradford,171,1,0,Jerick McKinnon,45,0,Kyle Rudolph,70,1,CAR,Carolina,Panthers,10,Cam Newton,262,0,3,Cameron Artis-Payne,47,0,Greg Olsen,64,0,Cam Newton,1,Blair Walsh,2,"Vikings stop Newton, snap Panthers' streak 22-10","[team_1_mascot] stop [team_2_leader_passing], snap [team_2_mascot]' streak [game_score]",1
2016,3,WSH,Washington,Redskins,29,Kirk Cousins,296,2,0,Matt Jones,65,0,DeSean Jackson,96,1,NYG,New York,Giants,27,Eli Manning,350,1,2,Shane Vereen,67,1,Odell Beckham Jr.,121,0,Orleans Darkwa,1,Dustin Hopkins,5,Hopkins' 5 field goal gives Redskins 29-27 win over Giants,[game_leader_kicker]' [game_leader_kicker_points] field goal gives [team_1_mascot] [game_score] win over [team_2_mascot],1
2016,3,LA,Los Angeles,Rams,37,Case Keenum,190,2,1,Todd Gurley,85,2,Tavon Austin,82,1,TB,Tampa Bay,Buccaneers,32,Jameis Winston,405,3,1,Charles Sims,55,1,Mike Evans,132,1,Todd Gurley,2,Greg Zuerlein,1,"Rams weather delay, hold off Buccaneers 37-32","[team_1_mascot] weather delay, hold off [team_2_mascot] [game_score]",0
2016,3,SEA,Seattle,Seahawks,37,Russell Wilson,243,1,0,Christine Michael,106,2,Doug Baldwin,164,1,SF,San Francisco,49ers,18,Blaine Gabbert,119,0,1,Carlos Hyde,103,2,Torrey Smith,35,0,Carlos Hyde,2,Steven Hauschka,3,Russell Wilson injured in Seattle's 37-18 rout of 49ers,[team_1_leader_passing] injured in [team_1_city]'s [game_score] rout of [team_2_mascot],0
2016,3,KC,Kansas City,Chiefs,24,Alex Smith,237,1,0,Spencer Ware,75,0,Travis Kelce,89,1,NYJ,New York,Jets,3,Ryan Fitzpatrick,188,0,6,Matt Forte,65,0,Bilal Powell,41,0,Derrick Johnson,1,Nick Folk,1,"Chiefs get 8 turnovers, take 2 for TDs in 24-3 win over Jets","[team_1_mascot] get 8 turnovers, take 2 for TDs in [game_score] win over [team_2_mascot]",0
2016,3,IND,Indianapolis,Colts,26,Andrew Luck,331,1,1,Frank Gore,82,1,T.Y. Hilton,174,1,SD,San Diego,Chargers,22,Philip Rivers,326,0,0,Melvin Gordon,35,1,Travis Benjamin,82,0,T.Y. Hilton,1,Josh Lambo,3,"Luck, Hilton hook up to rally Colts past Chargers 26-22","[team_1_leader_passing], [game_leader_scorer] hook up to rally [team_1_mascot] past [team_2_mascot] [game_score]",1
2016,3,PHI,Philadelphia,Eagles,34,Carson Wentz,301,2,0,Wendell Smallwood,79,1,Darren Sproles,128,1,PIT,Pittsburgh,Steelers,3,Ben Roethlisberger,257,0,1,DeAngelo Williams,21,0,Antonio Brown,140,0,Jordan Matthews,1,Caleb Sturgis,2,"Wentz impresses again, Eagles beat Steelers 34-3","[team_1_leader_passing] impresses again, [team_1_mascot] beat [team_2_mascot] [game_score]",1
2016,3,DAL,Dallas,Cowboys,31,Dak Prescott,248,1,0,Ezekiel Elliott,140,0,Terrance Williams,88,0,CHI,Chicago,Bears,17,Brian Hoyer,317,2,0,Jordan Howard,45,0,Zach Miller,78,2,Zach Miller,2,Connor Barth,1,"Dak Prescott solid, Cowboys beat Bears 31-17","[team_1_leader_passing] solid, [team_1_mascot] beat [team_2_mascot] [game_score]",1
2016,3,ATL,Atlanta,Falcons,45,Matt Ryan,240,2,0,Devonta Freeman,152,0,Devonta Freeman,55,1,NO,New Orleans,Saints,32,Drew Brees,376,3,1,Mark Ingram,77,0,Coby Fleener,109,1,Tevin Coleman,3,Matt Bryant,1,"Freeman, Coleman lift Falcons past Saints, 45-32","[team_1_leader_rushing], [game_leader_scorer] lift [team_1_mascot] past [team_2_mascot], [game_score]",1
2016,4,CIN,Cincinnati,Bengals,22,Andy Dalton,296,1,0,Jeremy Hill,71,0,A.J. Green,173,1,MIA,Miami,Dolphins,7,Ryan Tannehill,189,1,1,Jay Ajayi,33,0,Kenny Stills,74,1,Kenny Stills,1,Mike Nugent,5,A.J. Green has big game as Bengals dominate Dolphins 22-7,[team_1_leader_receiving] has big game as [team_1_mascot] dominate [team_2_mascot] [game_score],1
2016,4,JAX,Jacksonville,Jaguars,30,Blake Bortles,207,2,0,T.J. Yeldon,71,0,Allen Robinson,55,1,IND,Indianapolis,Colts,27,Andrew Luck,234,2,1,Frank Gore,68,1,Phillip Dorsett,64,1,Frank Gore,1,Jason Myers,3,"Jaguars survive late Colts rally, win 30-27","[team_1_mascot] survive late [team_2_mascot] rally, win [game_score]",1
2016,4,HOU,Houston,Texans,27,Brock Osweiler,254,2,2,Lamar Miller,82,0,Will Fuller V,81,1,TEN,Tennessee,Titans,20,Marcus Mariota,202,0,1,DeMarco Murray,95,2,Rishard Matthews,82,0,DeMarco Murray,2,Nick Novak,2,Fuller's punt return TD lifts Texans over Titans 27-20,Fuller's punt return TD lifts [team_1_mascot] over [team_2_mascot] [game_score],0
2016,4,WSH,Washington,Redskins,31,Kirk Cousins,183,3,1,Matt Jones,117,1,Jordan Reed,73,2,CLE,Cleveland,Browns,20,Cody Kessler,223,1,1,Isaiah Crowell,120,1,Gary Barnidge,57,0,Jordan Reed,2,Cody Parkey,2,Redskins thrive in red zone to beat Browns 31-20,[team_1_mascot] thrive in red zone to beat [team_2_mascot] [game_score],1
2016,4,SEA,Seattle,Seahawks,27,Russell Wilson,309,3,0,Christine Michael,58,0,Jimmy Graham,113,0,NYJ,New York,Jets,17,Ryan Fitzpatrick,261,1,3,Matt Forte,27,0,Brandon Marshall,89,1,Tanner McEvoy,1,Steven Hauschka,2,"Wilson sharp, throws 3 TDs in Seahawks' 27-17 win over Jets","[team_1_leader_passing] sharp, throws [team_1_leader_passing_td] TDs in [team_1_mascot]' [game_score] win over [team_2_mascot]",1
2016,4,BUF,Buffalo,Bills,16,Tyrod Taylor,246,1,0,LeSean McCoy,70,0,Robert Woods,89,0,NE,New England,Patriots,0,Jacoby Brissett,205,0,0,LeGarrette Blount,54,0,Martellus Bennett,109,0,LeSean McCoy,1,Dan Carpenter,3,Bills QB Taylor commanding in 16-0 win over Patriots,[team_1_mascot] QB [team_1_leader_passing] commanding in [game_score] win over [team_2_mascot],1
2016,4,ATL,Atlanta,Falcons,48,Matt Ryan,503,4,1,Devonta Freeman,57,1,Julio Jones,300,1,CAR,Carolina,Panthers,33,Derek Anderson,172,2,2,Cam Newton,30,0,Fozzy Whittaker,86,0,Aldrick Robinson,1,Matt Bryant,2,"Ryan, Jones set records as Falcons beat Panthers 48-33","[team_1_leader_passing], [team_1_leader_receiving] set records as [team_1_mascot] beat [team_2_mascot] [game_score]",1
2016,4,OAK,Oakland,Raiders,28,Derek Carr,199,4,0,DeAndre Washington,30,0,Michael Crabtree,88,3,BAL,Baltimore,Ravens,27,Joe Flacco,298,1,0,Terrance West,113,1,Steve Smith Sr.,111,1,Michael Crabtree,3,Justin Tucker,2,Carr throws 4 TD passes as Raiders beat Ravens 28-27,[team_1_leader_passing] throws [team_1_leader_passing_td] TD passes as [team_1_mascot] beat [team_2_mascot] [game_score],1
2016,4,CHI,Chicago,Bears,17,Brian Hoyer,302,2,0,Jordan Howard,111,0,Eddie Royal,111,1,DET,Detroit,Lions,14,Matthew Stafford,213,0,2,Theo Riddick,31,0,Marvin Jones,74,0,Eddie Royal,1,Matt Prater,2,Hoyer leads way as Bears beat Lions 17-14,[team_1_leader_passing] leads way as [team_1_mascot] beat [team_2_mascot] [game_score],1
2016,4,DEN,Denver,Broncos,27,Paxton Lynch,170,1,0,C.J. Anderson,49,1,Demaryius Thomas,94,1,TB,Tampa Bay,Buccaneers,7,Jameis Winston,179,0,2,Charles Sims,28,0,Cameron Brate,67,0,Emmanuel Sanders,1,Brandon McManus,2,"Broncos lose Siemian, beat Bucs 27-7 to improve to 4-0","[team_1_mascot] lose Siemian, beat Bucs [game_score] to improve to 4-0",0
2016,4,LA,Los Angeles,Rams,17,Case Keenum,266,2,0,Todd Gurley,33,0,Kenny Britt,82,0,ARI,Arizona,Cardinals,13,Carson Palmer,288,1,1,David Johnson,83,0,John Brown,144,0,Brian Quick,2,Chandler Catanzaro,2,Rams rally to beat Cardinals 17-13,[team_1_mascot] rally to beat [team_2_mascot] [game_score],1
2016,4,NO,New Orleans,Saints,35,Drew Brees,207,2,2,Mark Ingram,56,1,Mark Ingram,49,0,SD,San Diego,Chargers,34,Philip Rivers,321,2,1,Melvin Gordon,36,2,Dontrelle Inman,120,1,John Kuhn,3,Josh Lambo,2,"Brees, Saints stun Chargers for 35-34 win","[team_1_leader_passing], [team_1_mascot] stun [team_2_mascot] for [game_score] win",1
2016,4,DAL,Dallas,Cowboys,24,Dak Prescott,245,2,0,Ezekiel Elliott,138,1,Cole Beasley,66,0,SF,San Francisco,49ers,17,Blaine Gabbert,196,1,1,Carlos Hyde,74,1,Jeremy Kerley,88,1,Terrance Williams,1,Phil Dawson,1,"Elliott, Prescott lead Cowboys past 49ers 24-17","[team_1_leader_rushing], [team_1_leader_passing] lead [team_1_mascot] past [team_2_mascot] [game_score]",1
2016,4,PIT,Pittsburgh,Steelers,43,Ben Roethlisberger,300,5,0,Le'Veon Bell,144,0,Sammie Coates,79,0,KC,Kansas City,Chiefs,14,Alex Smith,287,2,1,Spencer Ware,82,0,Jeremy Maclin,78,0,Antonio Brown,2,N/A,0,"Roethlisberger has 5 TD passes, Steelers thump Chiefs 43-14","[team_1_leader_passing] has [team_1_leader_passing_td] TD passes, [team_1_mascot] thump [team_2_mascot] [game_score]",1
2016,4,MIN,Minnesota,Vikings,24,Sam Bradford,262,1,0,Jerick McKinnon,85,1,Charles Johnson,70,0,NYG,New York,Giants,10,Eli Manning,261,0,1,Orleans Darkwa,48,1,Paul Perkins,72,0,Orleans Darkwa,1,Blair Walsh,1,"Vikings deny Beckham, mystify Manning in 24-10 win vs. NYG","[team_1_mascot] deny Beckham, mystify [team_2_leader_passing] in [game_score] win vs. [team_2_abbr]",0
2016,5,ARI,Arizona,Cardinals,33,Drew Stanton,124,2,0,David Johnson,157,2,Larry Fitzgerald,81,2,SF,San Francisco,49ers,21,Blaine Gabbert,162,1,2,Carlos Hyde,78,1,Jeremy Kerley,102,1,Larry Fitzgerald,2,Chandler Catanzaro,1,Cardinals capitalize on 49ers mistakes to win 33-21,[team_1_mascot] capitalize on [team_2_mascot] mistakes to win [game_score],1
2016,5,NE,New England,Patriots,33,Tom Brady,406,3,0,LeGarrette Blount,37,1,Chris Hogan,114,0,CLE,Cleveland,Browns,13,Charlie Whitehurst,182,1,1,Isaiah Crowell,22,0,Gary Barnidge,76,0,Martellus Bennett,3,Stephen Gostkowski,1,Pumped up: Brady passes for 406 yards for Patriots,Pumped up: [team_1_leader_passing] passes for [team_1_leader_passing_yds] yards for [team_1_mascot],1
2016,5,DET,Detroit,Lions,24,Matthew Stafford,180,3,0,Theo Riddick,49,0,Anquan Boldin,48,0,PHI,Philadelphia,Eagles,23,Carson Wentz,238,2,1,Darren Sproles,45,0,Jordan Matthews,65,0,Theo Riddick,2,Caleb Sturgis,3,"Prater's kick, Slay's pick give Lions 24-23 win over Eagles","Prater's kick, Slay's pick give [team_1_mascot] [game_score] win over [team_2_mascot]",0
2016,5,IND,Indianapolis,Colts,29,Andrew Luck,322,2,0,Frank Gore,75,0,T.Y. Hilton,171,1,CHI,Chicago,Bears,23,Brian Hoyer,397,2,0,Jordan Howard,118,0,Cameron Meredith,130,1,T.Y. Hilton,1,Adam Vinatieri,5,"Faster tempo allows Colts, Luck to hold off Bears 29-23","Faster tempo allows [team_1_mascot], [team_1_leader_passing] to hold off [team_2_mascot] [game_score]",1
2016,5,TEN,Tennessee,Titans,30,Marcus Mariota,163,3,0,DeMarco Murray,121,0,Delanie Walker,66,1,MIA,Miami,Dolphins,17,Ryan Tannehill,191,0,2,Jay Ajayi,42,1,DeVante Parker,70,0,Andre Johnson,1,Andrew Franks,1,Mariota throws for 3 scores to help Titans beat Miami 30-17,[team_1_leader_passing] throws for [team_1_leader_passing_td] scores to help [team_1_mascot] beat [team_2_city] [game_score],1
2016,5,WSH,Washington,Redskins,16,Kirk Cousins,260,1,1,Matt Jones,31,0,Pierre Garcon,56,1,BAL,Baltimore,Ravens,10,Joe Flacco,210,1,0,Terrance West,95,0,Mike Wallace,63,0,Crockett Gillmore,1,Dustin Hopkins,1,Streaking Redskins get defensive in 16-10 win over Ravens,Streaking [team_1_mascot] get defensive in [game_score] win over [team_2_mascot],1
2016,5,MIN,Minnesota,Vikings,31,Sam Bradford,271,2,0,Matt Asiata,55,1,Adam Thielen,127,1,HOU,Houston,Texans,13,Brock Osweiler,184,1,1,Alfred Blue,39,0,C.J. Fiedorowicz,61,0,Adam Thielen,1,Nick Novak,2,Vikings stay unbeaten with easy 31-13 victory over Texans,[team_1_mascot] stay unbeaten with easy [game_score] victory over [team_2_mascot],0
2016,5,PIT,Pittsburgh,Steelers,31,Ben Roethlisberger,380,4,0,Le'Veon Bell,66,0,Sammie Coates,139,2,NYJ,New York,Jets,13,Ryan Fitzpatrick,255,1,0,Matt Forte,53,0,Brandon Marshall,114,1,Sammie Coates,2,Nick Folk,2,"Roethlisberger throws for 4 TDs, Steelers blow by Jets 31-13","[team_1_leader_passing] throws for [team_1_leader_passing_td] TDs, [team_1_mascot] blow by [team_2_mascot] [game_score]",1
2016,5,ATL,Atlanta,Falcons,23,Matt Ryan,267,1,0,Devonta Freeman,88,1,Tevin Coleman,132,1,DEN,Denver,Broncos,16,Paxton Lynch,223,1,1,C.J. Anderson,41,0,Emmanuel Sanders,80,0,Demaryius Thomas,1,Brandon McManus,3,Atlanta Falcons hand Denver Broncos loss 23-16,[team_1_city] [team_1_mascot] hand [team_2_city] [team_2_mascot] loss [game_score],1
2016,5,DAL,Dallas,Cowboys,28,Dak Prescott,227,1,0,Ezekiel Elliott,134,2,Terrance Williams,70,0,CIN,Cincinnati,Bengals,14,Andy Dalton,269,2,0,Giovani Bernard,50,0,Brandon LaFell,68,2,Brandon LaFell,2,N/A,0,Rookie-led Cowboys are 4-1 after 28-14 win over Bengals,Rookie-led [team_1_mascot] are 4-1 after [game_score] win over [team_2_mascot],0
2016,5,BUF,Buffalo,Bills,30,Tyrod Taylor,124,2,0,LeSean McCoy,150,0,Charles Clay,73,0,LA,Los Angeles,Rams,19,Case Keenum,271,0,2,Todd Gurley,72,1,Kenny Britt,75,0,Marquise Goodwin,1,Greg Zuerlein,4,Bills top Rams 30-19 for 3rd straight win,[team_1_mascot] top [team_2_mascot] [game_score] for 3rd straight win,0
2016,5,OAK,Oakland,Raiders,34,Derek Carr,317,2,1,Jalen Richard,31,0,Amari Cooper,138,1,SD,San Diego,Chargers,31,Philip Rivers,359,4,2,Melvin Gordon,69,0,Tyrell Williams,117,1,Antonio Gates,1,Sebastian Janikowski,4,Raiders take advantage of Chargers mistakes in 34-31 win,[team_1_mascot] take advantage of [team_2_mascot] mistakes in [game_score] win,1
2016,5,GB,Green Bay,Packers,23,Aaron Rodgers,259,2,2,Eddie Lacy,81,0,Randall Cobb,108,0,NYG,New York,Giants,16,Eli Manning,199,1,0,Bobby Rainey,22,0,Odell Beckham Jr.,56,1,Davante Adams,1,Mason Crosby,3,"Offense choppy, Packers D gets to Giants in 23-16 win","Offense choppy, [team_1_mascot] D gets to [team_2_mascot] in [game_score] win",1
2016,5,TB,Tampa Bay,Buccaneers,17,Jameis Winston,219,1,0,Jacquizz Rodgers,101,0,Mike Evans,89,1,CAR,Carolina,Panthers,14,Derek Anderson,278,0,2,Cameron Artis-Payne,85,2,Greg Olsen,181,0,Cameron Artis-Payne,2,Roberto Aguayo,3,Bucs beat Panthers 17-14 on field goals by Aguayo,[team_1_mascot] beat [team_2_mascot] [game_score] on field goals by [game_leader_kicker],1
2016,6,SD,San Diego,Chargers,21,Philip Rivers,178,1,0,Melvin Gordon,94,0,Hunter Henry,83,1,DEN,Denver,Broncos,13,Trevor Siemian,230,1,0,Devontae Booker,46,0,Emmanuel Sanders,40,0,Hunter Henry,1,Josh Lambo,4,Rivers leads Chargers to 21-13 victory against Broncos,[team_1_leader_passing] leads [team_1_mascot] to [game_score] victory against [team_2_mascot],1
2016,6,BUF,Buffalo,Bills,45,Tyrod Taylor,179,2,0,LeSean McCoy,140,3,Charles Clay,52,0,SF,San Francisco,49ers,16,Colin Kaepernick,187,1,0,Colin Kaepernick,66,0,Torrey Smith,76,1,LeSean McCoy,3,Phil Dawson,3,McCoy scores 3 TDs in Bills 45-16 win over 49ers,[game_leader_scorer] scores [team_1_leader_passing_td] TDs in [team_1_mascot] [game_score] win over [team_2_mascot],1
2016,6,WSH,Washington,Redskins,27,Kirk Cousins,263,2,1,Matt Jones,135,1,Pierre Garcon,77,0,PHI,Philadelphia,Eagles,20,Carson Wentz,179,0,0,Ryan Mathews,60,0,Jordan Matthews,75,0,Malcolm Jenkins,1,Dustin Hopkins,2,Redskins beat up Eagles' defense on way to 27-20 victory,[team_1_mascot] beat up [team_2_mascot]' defense on way to [game_score] victory,1
2016,6,TEN,Tennessee,Titans,28,Marcus Mariota,284,3,1,DeMarco Murray,65,1,Kendall Wright,133,1,CLE,Cleveland,Browns,26,Cody Kessler,336,2,0,Duke Johnson Jr.,18,1,Terrelle Pryor Sr.,75,2,Terrelle Pryor,2,Cody Parkey,2,Mariota throws 3 TDs as Titans beat Browns 28-26,[team_1_leader_passing] throws [team_1_leader_passing_td] TDs as [team_1_mascot] beat [team_2_mascot] [game_score],1
2016,6,NYG,New York,Giants,27,Eli Manning,403,3,2,Rashad Jennings,15,0,Odell Beckham Jr.,222,2,BAL,Baltimore,Ravens,23,Joe Flacco,307,0,0,Terrance West,87,2,Mike Wallace,97,0,Terrance West,2,Justin Tucker,3,"Beckham's career day, late 66-yard TD lead Giants","Beckham's career day, late 66-yard TD lead [team_1_mascot]",0
2016,6,NO,New Orleans,Saints,41,Drew Brees,465,4,1,Mark Ingram,51,0,Brandin Cooks,173,1,CAR,Carolina,Panthers,38,Cam Newton,322,2,1,Jonathan Stewart,85,2,Greg Olsen,94,0,Coby Fleener,2,Wil Lutz,2,"Brees leads Saints past slumping Panthers, 41-38","[team_1_leader_passing] leads [team_1_mascot] past slumping [team_2_mascot], [game_score]",1
2016,6,JAX,Jacksonville,Jaguars,17,Blake Bortles,271,1,1,Chris Ivory,32,1,Allen Hurns,74,0,CHI,Chicago,Bears,16,Brian Hoyer,302,0,0,Ka'Deem Carey,50,0,Cameron Meredith,113,0,Chris Ivory,1,Connor Barth,3,"Bortles hits Benn for 51-yard TD, Jaguars beat Bears 17-16","[team_1_leader_passing] hits Benn for 51-yard TD, [team_1_mascot] beat [team_2_mascot] [game_score]",0
2016,6,DET,Detroit,Lions,31,Matthew Stafford,270,4,0,Zach Zenner,58,0,Golden Tate,165,1,LA,Los Angeles,Rams,28,Case Keenum,321,3,1,Todd Gurley,58,0,Kenny Britt,136,2,Kenny Britt,2,Matt Prater,1,"Prater's kick, Bush's pick give Lions 31-28 win over Rams","[game_leader_kicker]'s kick, Bush's pick give [team_1_mascot] [game_score] win over [team_2_mascot]",0
2016,6,MIA,Miami,Dolphins,30,Ryan Tannehill,252,0,0,Jay Ajayi,204,2,Jarvis Landry,91,0,PIT,Pittsburgh,Steelers,15,Ben Roethlisberger,189,1,2,Darrius Heyward-Bey,60,1,Le'Veon Bell,55,0,Jay Ajayi,2,Andrew Franks,3,Dolphins stop Big Ben and beat Steelers 30-15,[team_1_mascot] stop [team_2_leader_passing] and beat [team_2_mascot] [game_score],1
2016,6,NE,New England,Patriots,35,Tom Brady,376,3,0,LeGarrette Blount,50,1,Rob Gronkowski,162,1,CIN,Cincinnati,Bengals,17,Andy Dalton,254,1,0,Giovani Bernard,49,0,A.J. Green,88,0,James White,2,Stephen Gostkowski,2,"Brady has big day in New England, Patriots beat Bengals 35-17","[team_1_leader_passing] has big day in [team_1_city], [team_1_mascot] beat [team_2_mascot] [game_score]",1
2016,6,KC,Kansas City,Chiefs,26,Alex Smith,224,0,0,Spencer Ware,131,1,Jeremy Maclin,49,0,OAK,Oakland,Raiders,10,Derek Carr,225,1,1,DeAndre Washington,49,0,Amari Cooper,129,0,Spencer Ware,1,Cairo Santos,2,"Ware, Smith help lead Chiefs to 26-10 over Raiders","[game_leader_scorer], [team_1_leader_passing] help lead [team_1_mascot] to [game_score] over [team_2_mascot]",1
2016,6,SEA,Seattle,Seahawks,26,Russell Wilson,270,0,0,Christine Michael,64,2,Jimmy Graham,89,0,ATL,Atlanta,Falcons,24,Matt Ryan,335,3,1,Devonta Freeman,40,0,Julio Jones,139,1,Christine Michael,2,Steven Hauschka,2,Wilson leads Seattle's rally for 26-24 win over Atlanta,[team_1_leader_passing] leads [team_1_city]'s rally for [game_score] win over [team_2_city],1
2016,6,DAL,Dallas,Cowboys,30,Dak Prescott,247,3,1,Ezekiel Elliott,157,0,Terrance Williams,75,0,GB,Green Bay,Packers,16,Aaron Rodgers,294,1,1,Eddie Lacy,65,0,Ty Montgomery,98,0,Cole Beasley,2,Mason Crosby,3,"Prescott throw for 3 scores, Cowboys beat Packers 30-16","[team_1_leader_passing] throw for [team_1_leader_passing_td] scores, [team_1_mascot] beat [team_2_mascot] [game_score]",1
2016,6,HOU,Houston,Texans,26,Brock Osweiler,269,2,1,Lamar Miller,149,1,C.J. Fiedorowicz,85,1,IND,Indianapolis,Colts,23,Andrew Luck,252,1,1,Frank Gore,106,0,Chester Rogers,63,0,Lamar Miller,2,Adam Vinatieri,3,Brock Osweiler rallies Texans to 26-23 victory over Colts,[team_1_leader_passing] rallies [team_1_mascot] to [game_score] victory over [team_2_mascot],1
2016,6,ARI,Arizona,Cardinals,28,Carson Palmer,213,1,0,David Johnson,111,3,John Brown,54,0,NYJ,New York,Jets,3,Ryan Fitzpatrick,174,0,1,Matt Forte,19,0,Brandon Marshall,70,0,David Johnson,3,Nick Folk,1,"Johnson, Cardinals roll past listless Jets 28-3","[game_leader_scorer], [team_1_mascot] roll past listless [team_2_mascot] [game_score]",1
2016,7,GB,Green Bay,Packers,26,Aaron Rodgers,326,3,0,Ty Montgomery,60,0,Davante Adams,132,2,CHI,Chicago,Bears,10,Matt Barkley,81,0,2,Ka'Deem Carey,48,0,Zach Miller,40,0,Davante Adams,2,Mason Crosby,2,"Rodgers throws 3 TD passes, Packers beat Bears 26-10","[team_1_leader_passing] throws [team_1_leader_passing_td] TD passes, [team_1_mascot] beat [team_2_mascot] [game_score]",1
2016,7,NYG,New York,Giants,17,Eli Manning,196,0,0,Rashad Jennings,25,1,Victor Cruz,55,0,LA,Los Angeles,Rams,10,Case Keenum,291,1,4,Todd Gurley,57,0,Brian Quick,92,0,Landon Collins,1,Robbie Gould,1,Giants' 4 interceptions key in 17-10 win over Rams,[team_1_mascot]' [team_2_leader_passing_int] interceptions key in [game_score] win over [team_2_mascot],1
2016,7,KC,Kansas City,Chiefs,27,Alex Smith,214,2,0,Spencer Ware,77,0,Spencer Ware,54,1,NO,New Orleans,Saints,21,Drew Brees,367,3,1,Mark Ingram,62,0,Michael Thomas,130,0,Mark Ingram,1,Cairo Santos,2,"Alex Smith leads Chiefs past mistake-prone Saints, 27-21","[team_1_leader_passing] leads [team_1_mascot] past mistake-prone [team_2_mascot], [game_score]",1
2016,7,IND,Indianapolis,Colts,34,Andrew Luck,353,3,0,Frank Gore,61,0,T.Y. Hilton,133,1,TEN,Tennessee,Titans,26,Marcus Mariota,232,2,0,DeMarco Murray,107,1,Delanie Walker,84,1,DeMarco Murray,1,Ryan Succop,2,Luck still perfect vs. Titans as Colts pull out 34-26 win,[team_1_leader_passing] still perfect vs. [team_2_mascot] as [team_1_mascot] pull out [game_score] win,1
2016,7,PHI,Philadelphia,Eagles,21,Carson Wentz,138,1,2,Ryan Mathews,56,0,Josh Huff,39,0,MIN,Minnesota,Vikings,10,Sam Bradford,224,1,1,Matt Asiata,55,0,Cordarrelle Patterson,67,1,Dorial Green-Beckham,1,Caleb Sturgis,2,"Eagles beat up Bradford, hand Vikings first loss 21-10","[team_1_mascot] beat up [team_2_leader_passing], hand [team_2_mascot] first loss [game_score]",0
2016,7,CIN,Cincinnati,Bengals,31,Andy Dalton,308,2,0,Jeremy Hill,168,1,A.J. Green,169,1,CLE,Cleveland,Browns,17,Kevin Hogan,100,0,2,Kevin Hogan,104,1,Gary Barnidge,66,0,Isaiah Crowell,1,Mike Nugent,1,Green's catch highlights Bengals' 31-17 win over Browns,[team_1_leader_receiving]'s catch highlights [team_1_mascot]' [game_score] win over [team_2_mascot],1
2016,7,DET,Detroit,Lions,20,Matthew Stafford,266,1,0,Justin Forsett,33,0,Marvin Jones,94,0,WSH,Washington,Redskins,17,Kirk Cousins,301,1,0,Chris Thompson,73,0,Jamison Crowder,108,0,Kirk Cousins,1,Matt Prater,2,Lions top Redskins 20-17 on Stafford's TD passes,[team_1_mascot] top [team_2_mascot] [game_score] on [team_1_leader_passing]'s TD passes,1
2016,7,OAK,Oakland,Raiders,33,Derek Carr,200,1,0,Latavius Murray,59,2,Michael Crabtree,96,1,JAX,Jacksonville,Jaguars,16,Blake Bortles,246,1,2,Chris Ivory,48,0,Marqise Lee,107,0,Latavius Murray,2,Sebastian Janikowski,4,Raiders beat Jaguars 33-16,[team_1_mascot] beat [team_2_mascot] [game_score],1
2016,7,MIA,Miami,Dolphins,28,Ryan Tannehill,204,1,0,Jay Ajayi,214,1,Kenny Stills,100,1,BUF,Buffalo,Bills,25,Tyrod Taylor,221,1,0,Tyrod Taylor,35,1,Marquise Goodwin,93,1,Reggie Bush,1,Andrew Franks,2,Ajayi rushes for 214 yards to help Miami beat Bills 28-25,[team_1_leader_rushing] rushes for [team_1_leader_rushing_yds] yards to help [team_1_city] beat [team_2_mascot] [game_score],1
2016,7,NYJ,New York,Jets,24,Ryan Fitzpatrick,120,1,0,Matt Forte,100,1,Quincy Enunwa,73,1,BAL,Baltimore,Ravens,16,Joe Flacco,248,0,2,Terrance West,10,0,Mike Wallace,120,0,Matt Forte,2,Justin Tucker,3,Fitzpatrick solid in relief in Jets' 24-16 win over Ravens,[team_1_leader_passing] solid in relief in [team_1_mascot]' [game_score] win over [team_2_mascot],1
2016,7,TB,Tampa Bay,Buccaneers,34,Jameis Winston,269,3,1,Jacquizz Rodgers,154,0,Mike Evans,96,2,SF,San Francisco,49ers,17,Colin Kaepernick,143,1,1,Colin Kaepernick,84,0,Shaun Draughn,37,1,Mike Evans,2,Roberto Aguayo,2,Winston's 3 TD passes help Bucs beat 49ers 34-17,[team_1_leader_passing]'s [team_1_leader_passing_td] TD passes help [team_1_mascot] beat [team_2_mascot] [game_score],1
2016,7,SD,San Diego,Chargers,33,Philip Rivers,371,1,1,Melvin Gordon,68,2,Tyrell Williams,140,0,ATL,Atlanta,Falcons,30,Matt Ryan,273,1,1,Tevin Coleman,64,1,Julio Jones,174,0,Melvin Gordon,3,Josh Lambo,4,Chargers beat Falcons 33-30 in OT on Lambo's 42-yard FG,[team_1_mascot] beat [team_2_mascot] [game_score] in OT on [game_leader_kicker]'s 42-yard FG,0
2016,7,NE,New England,Patriots,27,Tom Brady,222,2,0,LeGarrette Blount,127,2,Rob Gronkowski,93,1,PIT,Pittsburgh,Steelers,16,Landry Jones,281,1,1,Le'Veon Bell,81,0,Antonio Brown,106,0,LeGarrette Blount,2,Chris Boswell,3,"Blount, Patriots pull away from Steelers 27-16","[game_leader_scorer], [team_1_mascot] pull away from [team_2_mascot] [game_score]",1
2016,7,SEA,Seattle,Seahawks,6,Russell Wilson,225,0,0,Christine Michael,52,0,Doug Baldwin,69,0,ARI,Arizona,Cardinals,6,Carson Palmer,342,0,0,David Johnson,113,0,J.J. Nelson,84,0,N/A,0,Steven Hauschka,2,"Kickers miss short field goals, Seahawks, Cards tie 6-6","Kickers miss short field goals, [team_1_mascot], Cards tie [game_score]",0
2016,7,DEN,Denver,Broncos,27,Trevor Siemian,157,1,0,C.J. Anderson,107,1,Emmanuel Sanders,86,0,HOU,Houston,Texans,9,Brock Osweiler,131,0,0,Alfred Blue,63,0,DeAndre Hopkins,36,0,Devontae Booker,1,Nick Novak,3,Denver gives Osweiler rude welcome in 27-9 win over Houston,[team_1_city] gives [team_2_leader_passing] rude welcome in [game_score] win over [team_2_city],1
2016,8,TEN,Tennessee,Titans,36,Marcus Mariota,270,2,0,DeMarco Murray,123,1,Kendall Wright,84,1,JAX,Jacksonville,Jaguars,22,Blake Bortles,337,3,0,Blake Bortles,22,0,Allen Hurns,98,1,DeMarco Murray,1,Ryan Succop,3,"Titans end woes, roll to 36-22 victory over Jaguars","[team_1_mascot] end woes, roll to [game_score] victory over [team_2_mascot]",1
2016,8,WSH,Washington,Redskins,27,Kirk Cousins,458,2,1,Robert Kelley,87,1,Jamison Crowder,107,1,CIN,Cincinnati,Bengals,27,Andy Dalton,284,1,1,Jeremy Hill,76,1,A.J. Green,121,0,Jordan Reed,1,Dustin Hopkins,2,"Redskins, Bengals battle to 27-27 tie","[team_1_mascot], [team_2_mascot] battle to [game_score] tie",1
2016,8,KC,Kansas City,Chiefs,30,Nick Foles,223,2,0,Charcandrick West,52,0,Travis Kelce,101,1,IND,Indianapolis,Colts,14,Andrew Luck,210,2,1,Andrew Luck,60,0,Donte Moncrief,41,1,Donte Moncrief,1,Cairo Santos,3,Foles lifts Chiefs past Colts 30-14,[team_1_leader_passing] lifts [team_1_mascot] past [team_2_mascot] [game_score],1
2016,8,OAK,Oakland,Raiders,30,Derek Carr,513,4,0,Latavius Murray,48,0,Amari Cooper,173,1,TB,Tampa Bay,Buccaneers,24,Jameis Winston,180,2,0,Jacquizz Rodgers,69,1,Adam Humphries,58,0,Jacquizz Rodgers,1,Roberto Aguayo,1,"Carr throws for 4 TDs, Raiders outlast Bucs 30-24","[team_1_leader_passing] throws for [team_1_leader_passing_td] TDs, [team_1_mascot] outlast [team_2_mascot] [game_score]",1
2016,8,NO,New Orleans,Saints,25,Drew Brees,265,1,0,Tim Hightower,102,0,Michael Thomas,63,0,SEA,Seattle,Seahawks,20,Russell Wilson,253,0,1,Christine Michael,40,1,C.J. Prosise,80,0,Brandin Cooks,1,Wil Lutz,4,"Brees, Saints outlast Seahawks 25-20","[team_1_leader_passing], [team_1_mascot] outlast [team_2_mascot] [game_score]",1
2016,8,HOU,Houston,Texans,20,Brock Osweiler,186,1,1,Lamar Miller,56,1,DeAndre Hopkins,44,0,DET,Detroit,Lions,13,Matthew Stafford,240,1,0,Theo Riddick,56,0,Eric Ebron,79,0,C.J. Fiedorowicz,1,Matt Prater,2,Texans remain perfect at home with 20-13 win over Lions,[team_1_mascot] remain perfect at home with [game_score] win over [team_2_mascot],0
2016,8,NYJ,New York,Jets,31,Ryan Fitzpatrick,228,1,0,Matt Forte,82,2,Quincy Enunwa,93,1,CLE,Cleveland,Browns,28,Josh McCown,341,2,2,Isaiah Crowell,29,1,Terrelle Pryor Sr.,101,0,Andrew Hawkins,2,Cody Parkey,2,Jets rally past still winless Browns 31-28,[team_1_mascot] rally past still winless [team_2_mascot] [game_score],0
2016,8,NE,New England,Patriots,41,Tom Brady,315,4,0,LeGarrette Blount,43,1,Rob Gronkowski,109,1,BUF,Buffalo,Bills,25,Tyrod Taylor,183,0,0,Mike Gillislee,85,1,Walter Powell,59,0,Mike Gillislee,1,Stephen Gostkowski,2,Brady throws 4 TDs in Patriots 41-25 win over Buffalo Bills,[team_1_leader_passing] throws [team_1_leader_passing_td] TDs in [team_1_mascot] [game_score] win over [team_2_city] [team_2_mascot],1
2016,8,CAR,Carolina,Panthers,30,Cam Newton,212,0,0,Jonathan Stewart,95,2,Kelvin Benjamin,73,0,ARI,Arizona,Cardinals,20,Carson Palmer,363,3,1,David Johnson,24,0,David Johnson,84,0,J.J. Nelson,2,Graham Gano,3,"Panthers snap 4-game losing streak, top Cardinals 30-20","[team_1_mascot] snap 4-game losing streak, top [team_2_mascot] [game_score]",0
2016,8,DEN,Denver,Broncos,27,Trevor Siemian,276,0,1,Devontae Booker,54,1,Demaryius Thomas,79,0,SD,San Diego,Chargers,19,Philip Rivers,267,2,3,Melvin Gordon,111,0,Dontrelle Inman,72,0,Casey Hayward,1,Brandon McManus,2,Broncos pick apart Rivers in 27-19 win over Chargers,[team_1_mascot] pick apart [team_2_leader_passing] in [game_score] win over [team_2_mascot],1
2016,8,ATL,Atlanta,Falcons,33,Matt Ryan,288,3,0,Terron Ward,46,0,Mohamed Sanu,84,1,GB,Green Bay,Packers,32,Aaron Rodgers,246,4,0,Aaron Rodgers,60,0,Jordy Nelson,94,1,Devonta Freeman,2,Matt Bryant,2,Falcons rally to beat Packers 33-32 on Sanu's TD catches,[team_1_mascot] rally to beat [team_2_mascot] [game_score] on [team_1_leader_receiving]'s TD catches,1
2016,8,DAL,Dallas,Cowboys,29,Dak Prescott,287,2,1,Ezekiel Elliott,96,0,Dez Bryant,113,1,PHI,Philadelphia,Eagles,23,Carson Wentz,202,1,0,Darren Sproles,86,0,Jordan Matthews,65,1,Dak Prescott,1,Dan Bailey,3,Prescott rallies Cowboys to OT win over Eagles 29-23,[team_1_leader_passing] rallies [team_1_mascot] to OT win over [team_2_mascot] [game_score],0
2016,8,CHI,Chicago,Bears,20,Jay Cutler,252,1,0,Jordan Howard,153,1,Zach Miller,88,0,MIN,Minnesota,Vikings,10,Sam Bradford,228,1,0,Matt Asiata,42,0,Stefon Diggs,76,1,Alshon Jeffery,1,Connor Barth,2,"Cutler, Howard lead Bears to 20-10 win over Vikings","[team_1_leader_passing], [team_1_leader_rushing] lead [team_1_mascot] to [game_score] win over [team_2_mascot]",1
2016,9,ATL,Atlanta,Falcons,43,Matt Ryan,344,4,0,Devonta Freeman,77,0,Julio Jones,111,1,TB,Tampa Bay,Buccaneers,28,Jameis Winston,261,3,0,Peyton Barber,31,0,Mike Evans,150,2,Mike Evans,2,Matt Bryant,3,Ryan throws for 4 TDs to lead Falcons over Bucs 43-28,[team_1_leader_passing] throws for [team_1_leader_passing_td] TDs to lead [team_1_mascot] over [team_2_mascot] [game_score],1
2016,9,BAL,Baltimore,Ravens,21,Joe Flacco,241,1,1,Terrance West,21,0,Mike Wallace,124,1,PIT,Pittsburgh,Steelers,14,Ben Roethlisberger,264,1,1,Le'Veon Bell,32,0,Eli Rogers,103,0,Antonio Brown,1,Justin Tucker,2,Ravens frustrate Roethlisberger in 21-14 win over Steelers,[team_1_mascot] frustrate [team_2_leader_passing] in [game_score] win over [team_2_mascot],1
2016,9,DAL,Dallas,Cowboys,35,Dak Prescott,247,3,0,Ezekiel Elliott,92,2,Jason Witten,134,1,CLE,Cleveland,Browns,10,Cody Kessler,203,1,0,Duke Johnson Jr.,30,0,Isaiah Crowell,63,0,Ezekiel Elliott,2,Cody Parkey,1,"Prescott, Cowboys overpower Browns 35-10","[team_1_leader_passing], [team_1_mascot] overpower [team_2_mascot] [game_score]",1
2016,9,KC,Kansas City,Chiefs,19,Nick Foles,187,1,0,Charcandrick West,39,0,Travis Kelce,58,0,JAX,Jacksonville,Jaguars,14,Blake Bortles,252,2,1,Chris Ivory,107,0,Marqise Lee,84,0,T.J. Yeldon,1,Cairo Santos,4,"Chiefs shut down Bortles, Jaguars to escape with 19-14 win","[team_1_mascot] shut down [team_2_leader_passing], [team_2_mascot] to escape with [game_score] win",1
2016,9,MIA,Miami,Dolphins,27,Ryan Tannehill,149,1,0,Jay Ajayi,111,1,Dominique Jones,42,1,NYJ,New York,Jets,23,Ryan Fitzpatrick,194,1,2,Matt Forte,92,1,Jalin Marshall,59,1,Jay Ajayi,1,Nick Folk,3,Drake's 96-yard kickoff return helps Miami beat Jets 27-23,Drake's 96-yard kickoff return helps [team_1_city] beat [team_2_mascot] [game_score],0
2016,9,NYG,New York,Giants,28,Eli Manning,257,4,2,Paul Perkins,32,0,Sterling Shepard,50,1,PHI,Philadelphia,Eagles,23,Carson Wentz,364,0,2,Darren Sproles,57,0,Zach Ertz,97,0,Odell Beckham,2,Caleb Sturgis,3,"Giants hold on, Manning has 4 TD passes in 28-23 win","[team_1_mascot] hold on, [team_1_leader_passing] has [team_1_leader_passing_td] TD passes in [game_score] win",1
2016,9,DET,Detroit,Lions,22,Matthew Stafford,219,2,1,Theo Riddick,70,0,Eric Ebron,92,0,MIN,Minnesota,Vikings,16,Sam Bradford,273,1,0,Ronnie Hillman,30,0,Stefon Diggs,80,0,Golden Tate,1,Matt Prater,3,"Tate's TD in OT lifts Lions over Vikings, 22-16","[game_leader_scorer]'s TD in OT lifts [team_1_mascot] over [team_2_mascot], [game_score]",0
2016,9,CAR,Carolina,Panthers,13,Cam Newton,225,1,0,Jonathan Stewart,42,0,Kelvin Benjamin,76,0,LA,Los Angeles,Rams,10,Case Keenum,296,1,1,Todd Gurley,48,0,Lance Kendricks,90,0,Kenny Britt,1,Graham Gano,2,"Newton sacked 5 times, still leads Panthers past Rams 13-10","[team_1_leader_passing] sacked 5 times, still leads [team_1_mascot] past [team_2_mascot] [game_score]",0
2016,9,NO,New Orleans,Saints,41,Drew Brees,323,3,0,Mark Ingram,158,1,Michael Thomas,73,2,SF,San Francisco,49ers,23,Colin Kaepernick,398,2,1,DuJuan Harris,59,0,Quinton Patton,106,0,Mark Ingram,2,Phil Dawson,3,Brees leads Saints to fourth win in five after 0-3 start,[team_1_leader_passing] leads [team_1_mascot] to fourth win in five after 0-3 start,0
2016,9,SD,San Diego,Chargers,43,Philip Rivers,275,2,0,Melvin Gordon,196,1,Antonio Gates,75,1,TEN,Tennessee,Titans,35,Marcus Mariota,313,3,2,DeMarco Murray,51,1,Kendall Wright,64,0,Rishard Matthews,2,Josh Lambo,3,"Gordon, defense lead Chargers over Mariota, Titans, 43-35","[team_1_leader_rushing], defense lead [team_1_mascot] over [team_2_leader_passing], [team_2_mascot], [game_score]",1
2016,9,IND,Indianapolis,Colts,31,Andrew Luck,281,1,2,Frank Gore,60,2,T.Y. Hilton,82,0,GB,Green Bay,Packers,26,Aaron Rodgers,297,3,1,Ty Montgomery,53,0,Jordy Nelson,94,1,Frank Gore,2,Mason Crosby,2,"Gore, Todman power Colts, before D holds off Packers 31-26","[game_leader_scorer], Todman power [team_1_mascot], before D holds off [team_2_mascot] [game_score]",0
2016,9,OAK,Oakland,Raiders,30,Derek Carr,184,0,0,Latavius Murray,114,3,Amari Cooper,56,0,DEN,Denver,Broncos,20,Trevor Siemian,283,2,1,Devontae Booker,22,0,Kapri Bibbs,69,1,Latavius Murray,3,Sebastian Janikowski,3,Raiders run past Broncos 30-20 for AFC West lead,[team_1_mascot] run past [team_2_mascot] [game_score] for AFC West lead,0
2016,9,SEA,Seattle,Seahawks,31,Russell Wilson,282,2,0,Tyler Lockett,13,0,Jimmy Graham,103,2,BUF,Buffalo,Bills,25,Tyrod Taylor,289,1,1,LeSean McCoy,85,0,Robert Woods,162,0,Jimmy Graham,2,Steven Hauschka,1,"Graham catches 2 TDs, Seahawks hold off Bills 31-25","[game_leader_scorer] catches [game_leader_scorer_points] TDs, [team_1_mascot] hold off [team_2_mascot] [game_score]",1
2016,10,BAL,Baltimore,Ravens,28,Joe Flacco,296,3,2,Terrance West,65,0,Breshad Perriman,64,1,CLE,Cleveland,Browns,7,Cody Kessler,91,1,0,Isaiah Crowell,23,0,Terrelle Pryor Sr.,48,0,Breshad Perriman,1,Justin Tucker,2,"Flacco, Ravens keep Browns winless with 28-7 rout","[team_1_leader_passing], [team_1_mascot] keep [team_2_mascot] winless with [game_score] rout",0
2016,10,TEN,Tennessee,Titans,47,Marcus Mariota,295,4,0,DeMarco Murray,123,1,Delanie Walker,124,1,GB,Green Bay,Packers,25,Aaron Rodgers,371,2,2,James Starks,33,0,Davante Adams,156,0,DeMarco Murray,1,Mason Crosby,2,"Titans score 21 points in 1st quarter, rout Packers 47-25","[team_1_mascot] score 21 points in 1st quarter, rout [team_2_mascot] [game_score]",0
2016,10,WSH,Washington,Redskins,26,Kirk Cousins,262,2,0,Robert Kelley,97,0,Pierre Garcon,81,0,MIN,Minnesota,Vikings,20,Sam Bradford,307,2,1,Jerick McKinnon,16,0,Stefon Diggs,164,0,Jamison Crowder,1,Dustin Hopkins,4,"Preston Smith, Redskins hand Vikings fourth consecutive loss","Preston Smith, [team_1_mascot] hand [team_2_mascot] fourth consecutive loss",0
2016,10,TB,Tampa Bay,Buccaneers,36,Jameis Winston,312,2,1,Peyton Barber,38,0,Cameron Brate,84,1,CHI,Chicago,Bears,10,Jay Cutler,182,1,2,Jordan Howard,100,0,Cameron Meredith,50,1,Freddie Martino,1,Roberto Aguayo,2,"Winston throws for 312 yards, Buccaneers rout Bears 36-10","[team_1_leader_passing] throws for [team_1_leader_passing_yds] yards, [team_1_mascot] rout [team_2_mascot] [game_score]",1
2016,10,KC,Kansas City,Chiefs,20,Alex Smith,178,0,1,Spencer Ware,61,0,Tyreek Hill,89,0,CAR,Carolina,Panthers,17,Cam Newton,261,1,1,Cam Newton,54,1,Kelvin Benjamin,84,0,Eric Berry,1,Cairo Santos,4,Late turnover lifts Chiefs to 20-17 win over Panthers,Late turnover lifts [team_1_mascot] to [game_score] win over [team_2_mascot],0
2016,10,PHI,Philadelphia,Eagles,24,Carson Wentz,231,0,0,Ryan Mathews,109,2,Jordan Matthews,73,0,ATL,Atlanta,Falcons,15,Matt Ryan,267,1,1,Devonta Freeman,49,0,Julio Jones,135,0,Ryan Mathews,2,Matt Bryant,3,"Ryan Mathews runs for 2 scores, Eagles beat Falcons 24-15","[team_2_leader_passing] [game_leader_scorer] runs for [team_2_leader_passing_td] scores, [team_1_mascot] beat [team_2_mascot] [game_score]",1
2016,10,LA,Los Angeles,Rams,9,Case Keenum,165,0,0,Todd Gurley,64,0,Kenny Britt,109,0,NYJ,New York,Jets,6,Bryce Petty,163,1,1,Matt Forte,98,0,Robby Anderson,69,0,Bilal Powell,1,Greg Zuerlein,3,Rams spoil Petty's first NFL start in 9-6 win over Jets,[team_1_mascot] spoil [team_2_leader_passing]'s first NFL start in [game_score] win over [team_2_mascot],0
2016,10,DEN,Denver,Broncos,25,Trevor Siemian,258,2,2,Devontae Booker,76,0,Demaryius Thomas,87,1,NO,New Orleans,Saints,23,Drew Brees,303,3,2,Mark Ingram,50,0,Brandin Cooks,98,1,Willie Snead,2,Brandon McManus,3,"Blocked point-after kick lifts Broncos past Saints, 25-23","Blocked point-after kick lifts [team_1_mascot] past [team_2_mascot], [game_score]",0
2016,10,HOU,Houston,Texans,24,Brock Osweiler,99,2,0,Lamar Miller,83,0,DeAndre Hopkins,48,0,JAX,Jacksonville,Jaguars,21,Blake Bortles,265,2,1,T.J. Yeldon,32,0,Allen Robinson,107,1,Kareem Jackson,1,Jason Myers,2,Texans beat Jaguars 24-21 for 1st road victory of season,[team_1_mascot] beat [team_2_mascot] [game_score] for 1st road victory of season,0
2016,10,MIA,Miami,Dolphins,31,Ryan Tannehill,240,2,0,Jay Ajayi,79,0,DeVante Parker,103,0,SD,San Diego,Chargers,24,Philip Rivers,326,3,4,Melvin Gordon,70,0,Tyrell Williams,125,1,Damien Williams,2,Josh Lambo,1,Alonso's pick-6 of Rivers lifts Dolphins to wild 31-24 win,Alonso's pick-6 of [team_2_leader_passing] lifts [team_1_mascot] to wild [game_score] win,0
2016,10,DAL,Dallas,Cowboys,35,Dak Prescott,319,2,0,Ezekiel Elliott,114,2,Dez Bryant,116,1,PIT,Pittsburgh,Steelers,30,Ben Roethlisberger,408,3,0,Le'Veon Bell,57,1,Antonio Brown,154,1,Ezekiel Elliott,3,Dan Bailey,3,"Elliott scores twice late, Cowboys top Steelers 35-30","[game_leader_scorer] scores twice late, [team_1_mascot] top [team_2_mascot] [game_score]",0
2016,10,ARI,Arizona,Cardinals,23,Carson Palmer,376,1,2,David Johnson,55,1,Larry Fitzgerald,132,0,SF,San Francisco,49ers,20,Colin Kaepernick,210,1,0,Colin Kaepernick,55,1,Jeremy Kerley,71,1,David Johnson,2,Chandler Catanzaro,3,Arizona escapes with win on Catanzaro's field goal,[team_1_city] escapes with win on [game_leader_kicker]'s field goal,1
2016,10,SEA,Seattle,Seahawks,31,Russell Wilson,348,3,0,C.J. Prosise,66,0,C.J. Prosise,87,0,NE,New England,Patriots,24,Tom Brady,316,0,1,LeGarrette Blount,69,3,Martellus Bennett,102,0,LeGarrette Blount,3,Steven Hauschka,4,Goal line defense works out for Seahawks this time,Goal line defense works out for [team_1_mascot] this time,0
2016,10,NYG,New York,Giants,21,Eli Manning,240,3,2,Rashad Jennings,87,0,Odell Beckham Jr.,97,1,CIN,Cincinnati,Bengals,20,Andy Dalton,204,1,1,Jeremy Hill,46,1,Tyler Eifert,96,0,Jerell Adams,1,Mike Nugent,2,Manning throws 3 TDs as gambling Giants beat Bengals,[team_1_leader_passing] throws [team_1_leader_passing_td] TDs as gambling [team_1_mascot] beat [team_2_mascot],1
2016,11,CAR,Carolina,Panthers,23,Cam Newton,192,1,0,Jonathan Stewart,31,1,Kelvin Benjamin,56,0,NO,New Orleans,Saints,20,Drew Brees,285,2,1,Tim Hightower,69,0,Michael Thomas,68,0,Ted Ginn,1,Graham Gano,3,Panthers beat Saints 23-20 in game marred by injuries,[team_1_mascot] beat [team_2_mascot] [game_score] in game marred by injuries,0
2016,11,PIT,Pittsburgh,Steelers,24,Ben Roethlisberger,167,0,0,Le'Veon Bell,146,1,Antonio Brown,76,0,CLE,Cleveland,Browns,9,Cody Kessler,128,0,1,Josh McCown,11,0,Terrelle Pryor Sr.,97,0,Ryan Harris,1,Chris Boswell,3,"Bell runs for 146 yards, Steelers punish Browns 24-9","[team_1_leader_rushing] runs for [team_1_leader_rushing_yds] yards, [team_1_mascot] punish [team_2_mascot] [game_score]",1
2016,11,DAL,Dallas,Cowboys,27,Dak Prescott,301,3,0,Ezekiel Elliott,97,0,Dez Bryant,80,2,BAL,Baltimore,Ravens,17,Joe Flacco,269,1,0,Terrance West,42,1,Steve Smith Sr.,99,1,Dez Bryant,2,Dan Bailey,2,"Prescott, Cowboys beat Ravens 27-17","[team_1_leader_passing], [team_1_mascot] beat [team_2_mascot] [game_score]",1
2016,11,DET,Detroit,Lions,26,Matthew Stafford,278,0,0,Theo Riddick,13,0,Theo Riddick,70,0,JAX,Jacksonville,Jaguars,19,Blake Bortles,202,2,2,Chris Ivory,39,0,Chris Ivory,75,0,Rafael Bush,1,Matt Prater,2,Lions beat Jaguars 26-19,[team_1_mascot] beat [team_2_mascot] [game_score],1
2016,11,IND,Indianapolis,Colts,24,Andrew Luck,262,2,1,Frank Gore,50,0,T.Y. Hilton,97,1,TEN,Tennessee,Titans,17,Marcus Mariota,290,2,0,DeMarco Murray,70,0,Rishard Matthews,122,0,T.Y. Hilton,1,Adam Vinatieri,1,Colts get fast start and hold off charging Titans 24-17,[team_1_mascot] get fast start and hold off charging [team_2_mascot] [game_score],0
2016,11,BUF,Buffalo,Bills,16,Tyrod Taylor,166,0,1,Mike Gillislee,72,0,Brandon Tate,48,0,CIN,Cincinnati,Bengals,12,Andy Dalton,207,1,2,Jeremy Hill,62,0,Tyler Boyd,54,1,Andy Dalton,1,Dan Carpenter,3,Depleted Bills hold on for 16-12 win over Bengals,Depleted [team_1_mascot] hold on for [game_score] win over [team_2_mascot],1
2016,11,TB,Tampa Bay,Buccaneers,19,Jameis Winston,331,1,0,Doug Martin,63,0,Mike Evans,105,0,KC,Kansas City,Chiefs,17,Alex Smith,261,1,1,Spencer Ware,69,0,Travis Kelce,108,0,Alex Smith,1,Roberto Aguayo,4,Buccaneers snap Chiefs' 5-game win streak with 19-17 victory,[team_1_mascot] snap [team_2_mascot]' 5-game win streak with [game_score] victory,0
2016,11,NYG,New York,Giants,22,Eli Manning,227,2,0,Rashad Jennings,85,1,Sterling Shepard,50,1,CHI,Chicago,Bears,16,Jay Cutler,252,1,1,Jordan Howard,77,0,Zach Miller,61,1,Sterling Shepard,1,Robbie Gould,1,"Manning throws 2 TDs, Giants win","[team_1_leader_passing] throws [team_1_leader_passing_td] TDs, [team_1_mascot] win",1
2016,11,MIN,Minnesota,Vikings,30,Sam Bradford,169,1,0,Jerick McKinnon,44,0,Adam Thielen,65,1,ARI,Arizona,Cardinals,24,Carson Palmer,198,2,2,David Johnson,103,1,Larry Fitzgerald,63,0,David Johnson,2,Kai Forbath,1,"Streak stopper: Return TDs spark Vikings, 30-24 over Cards","Streak stopper: Return TDs spark [team_1_mascot], [game_score] over Cards",0
2016,11,MIA,Miami,Dolphins,14,Ryan Tannehill,172,2,1,Jay Ajayi,77,0,DeVante Parker,79,1,LA,Los Angeles,Rams,10,Jared Goff,134,0,0,Todd Gurley,76,1,Kenny Britt,43,0,Jarvis Landry,1,Greg Zuerlein,1,"Dolphins spoil Goff's rally to beat Rams, 14-10","[team_1_mascot] spoil [team_2_leader_passing]'s rally to beat [team_2_mascot], [game_score]",1
2016,11,NE,New England,Patriots,30,Tom Brady,280,4,0,LeGarrette Blount,124,0,Malcolm Mitchell,98,1,SF,San Francisco,49ers,17,Colin Kaepernick,206,2,0,Carlos Hyde,86,0,Vance McDonald,46,1,Vance McDonald,1,Phil Dawson,1,Brady throws 4 TD passes in triumphant performance,[team_1_leader_passing] throws [team_1_leader_passing_td] TD passes in triumphant performance,1
2016,11,SEA,Seattle,Seahawks,26,Russell Wilson,272,1,0,C.J. Prosise,76,1,Doug Baldwin,104,0,PHI,Philadelphia,Eagles,15,Carson Wentz,218,2,2,Wendell Smallwood,48,0,Jordan Matthews,59,0,Zach Ertz,1,Steven Hauschka,2,"Wilson throws, leads Seahawks past Eagles 26-15","[team_1_leader_passing] throws, leads [team_1_mascot] past [team_2_mascot] [game_score]",1
2016,11,WSH,Washington,Redskins,42,Kirk Cousins,375,3,0,Robert Kelley,137,3,Pierre Garcon,116,1,GB,Green Bay,Packers,24,Aaron Rodgers,351,3,0,Aaron Rodgers,33,0,Jared Cook,105,1,Robert Kelley,3,Mason Crosby,1,"Cousins, Redskins light up Packers in high-flying 42-24 rout","[team_1_leader_passing], [team_1_mascot] light up [team_2_mascot] in high-flying [game_score] rout",1
2016,11,OAK,Oakland,Raiders,27,Derek Carr,295,3,1,Latavius Murray,33,0,Jamize Olawale,90,1,HOU,Houston,Texans,20,Brock Osweiler,243,1,1,Lamar Miller,104,1,C.J. Fiedorowicz,82,0,Jalen Richard,1,Sebastian Janikowski,2,Carr helps Raiders rally past Texans 27-20,[team_1_leader_passing] helps [team_1_mascot] rally past [team_2_mascot] [game_score],1
2016,12,DET,Detroit,Lions,16,Matthew Stafford,232,1,0,Theo Riddick,45,0,Golden Tate,77,0,MIN,Minnesota,Vikings,13,Sam Bradford,224,0,1,Jerick McKinnon,31,0,Kyle Rudolph,64,0,Matt Asiata,1,Matt Prater,3,"Lions beat Vikings 16-13, have sole possession of 1st place","[team_1_mascot] beat [team_2_mascot] [game_score], have sole possession of 1st place",0
2016,12,DAL,Dallas,Cowboys,31,Dak Prescott,195,1,0,Ezekiel Elliott,97,2,Dez Bryant,72,0,WSH,Washington,Redskins,26,Kirk Cousins,449,3,0,Robert Kelley,37,0,DeSean Jackson,118,1,Jordan Reed,2,Dustin Hopkins,2,"Rookies lead Cowboys to 10th straight, 31-26 over Redskins","Rookies lead [team_1_mascot] to 10th straight, [game_score] over [team_2_mascot]",0
2016,12,PIT,Pittsburgh,Steelers,28,Ben Roethlisberger,221,3,0,Le'Veon Bell,120,1,Antonio Brown,91,3,IND,Indianapolis,Colts,7,Scott Tolzien,205,1,2,Jordan Todman,37,0,T.Y. Hilton,54,0,Antonio Brown,3,N/A,0,Brown scores 3 TDs for Steelers in 28-7 win over Colts,[game_leader_scorer] scores [game_leader_scorer_points] TDs for [team_1_mascot] in [game_score] win over [team_2_mascot],1
2016,12,TEN,Tennessee,Titans,27,Marcus Mariota,226,2,0,Derrick Henry,60,1,Rishard Matthews,64,1,CHI,Chicago,Bears,21,Matt Barkley,316,3,2,Jordan Howard,84,0,Marquess Wilson,125,1,Deonte Thompson,1,Ryan Succop,2,"Mariota throws for 2 TDs, Titans hang on to beat Bears 27-21","[team_1_leader_passing] throws for[team_1_leader_passing_td] TDs, [team_1_mascot] hang on to beat [team_2_mascot] [game_score]",1
2016,12,BUF,Buffalo,Bills,28,Tyrod Taylor,166,1,0,LeSean McCoy,103,2,Sammy Watkins,80,0,JAX,Jacksonville,Jaguars,21,Blake Bortles,126,2,0,Blake Bortles,81,0,Marqise Lee,37,1,LeSean McCoy,2,N/A,0,McCoy rallies Bills to 28-21 win over Jaguars,[game_leader_scorer] rallies [team_1_mascot] to [game_score] win over [team_2_mascot],1
2016,12,BAL,Baltimore,Ravens,19,Joe Flacco,234,1,1,Kenneth Dixon,49,0,Mike Wallace,57,0,CIN,Cincinnati,Bengals,14,Andy Dalton,283,1,0,Rex Burkhead,29,0,Tyler Eifert,68,1,Breshad Perriman,1,Justin Tucker,4,Ravens beat Bengals 19-14,[team_1_mascot] beat [team_2_mascot] [game_score],1
2016,12,ATL,Atlanta,Falcons,38,Matt Ryan,269,2,1,Devonta Freeman,60,2,Taylor Gabriel,75,2,ARI,Arizona,Cardinals,19,Carson Palmer,289,2,1,David Johnson,58,0,David Johnson,103,1,Taylor Gabriel,2,Chandler Catanzaro,2,Speedy Taylor Gabriel leads Falcons past Cardinals 38-19,Speedy [game_leader_scorer] leads [team_1_mascot] past [team_2_mascot] [game_score],1
2016,12,NYG,New York,Giants,27,Eli Manning,194,3,0,Rashad Jennings,55,0,Odell Beckham Jr.,96,2,CLE,Cleveland,Browns,13,Josh McCown,322,1,0,Isaiah Crowell,44,0,Terrelle Pryor Sr.,131,0,Odell Beckham,2,Cody Parkey,2,"Manning, Giants down Browns 27-13","[team_1_leader_passing], [team_1_mascot] down [team_2_mascot] [game_score]",1
2016,12,NO,New Orleans,Saints,49,Drew Brees,310,4,0,Mark Ingram,146,1,Michael Thomas,108,2,LA,Los Angeles,Rams,21,Jared Goff,214,3,1,Todd Gurley,50,0,Kenny Britt,52,1,Michael Thomas,2,N/A,0,"Brees, Ingram, help Saints rout Rams, 49-21","[team_1_leader_passing], [team_1_leader_rushing], help [team_1_mascot] rout [team_2_mascot], [game_score]",1
2016,12,MIA,Miami,Dolphins,31,Ryan Tannehill,285,3,0,Jay Ajayi,45,1,Kenny Stills,72,1,SF,San Francisco,49ers,24,Colin Kaepernick,296,3,1,Colin Kaepernick,113,0,Vance McDonald,60,0,Kenny Stills,1,Phil Dawson,1,Kaepernick stopped at 2 as Dolphins beat 49ers 31-24,[team_2_leader_passing] stopped at 2 as [team_1_mascot] beat [team_2_mascot] [game_score],0
2016,12,SD,San Diego,Chargers,21,Philip Rivers,242,3,1,Melvin Gordon,70,0,Dontrelle Inman,119,1,HOU,Houston,Texans,13,Brock Osweiler,246,0,3,Lamar Miller,57,0,DeAndre Hopkins,70,0,Hunter Henry,1,Nick Novak,2,Rivers tosses 3 TDs to help Chargers over Texans 21-13,[team_1_leader_passing] tosses [team_1_leader_passing_td] TDs to help [team_1_mascot] over [team_2_mascot] [game_score],1
2016,12,TB,Tampa Bay,Buccaneers,14,Jameis Winston,220,2,1,Doug Martin,87,0,Mike Evans,104,2,SEA,Seattle,Seahawks,5,Russell Wilson,151,0,2,Russell Wilson,80,0,Jimmy Graham,67,0,Mike Evans,2,Steven Hauschka,1,"Winston, defense led Buccaneers over Seahawks 14-5","[team_1_leader_passing], defense led [team_1_mascot] over [team_2_mascot] [game_score]",1
2016,12,OAK,Oakland,Raiders,35,Derek Carr,315,2,1,Latavius Murray,45,1,Michael Crabtree,110,0,CAR,Carolina,Panthers,32,Cam Newton,246,2,1,Jonathan Stewart,96,2,Ted Ginn Jr.,115,1,Jonathan Stewart,2,Sebastian Janikowski,2,Carr overcomes injury to rally Raiders past Panthers 35-32,[team_1_leader_passing] overcomes injury to rally [team_1_mascot] past [team_2_mascot] [game_score],0
2016,12,NE,New England,Patriots,22,Tom Brady,286,2,0,LeGarrette Blount,67,0,Julian Edelman,83,0,NYJ,New York,Jets,17,Ryan Fitzpatrick,269,2,0,Bilal Powell,36,0,Quincy Enunwa,109,1,Malcolm Mitchell,2,Stephen Gostkowski,3,"Brady ties Manning with 200th win, Patriots beat Jets 22-17","[team_1_leader_passing] ties Manning with 200th win, [team_1_mascot] beat [team_2_mascot] [game_score]",0
2016,12,KC,Kansas City,Chiefs,30,Alex Smith,220,1,0,Spencer Ware,64,0,Travis Kelce,101,0,DEN,Denver,Broncos,27,Trevor Siemian,368,3,0,Devontae Booker,79,0,Emmanuel Sanders,162,1,Tyreek Hill,3,Brandon McManus,2,Chiefs beat Broncos 30-27,[team_1_mascot] beat [team_2_mascot] [game_score],1
2016,12,GB,Green Bay,Packers,27,Aaron Rodgers,313,2,0,James Starks,41,0,Davante Adams,113,2,PHI,Philadelphia,Eagles,13,Carson Wentz,254,0,1,Wendell Smallwood,37,0,Dorial Green-Beckham,82,0,Davante Adams,2,Mason Crosby,2,"Rodgers tosses 2 TDs, Packers beat Eagles 27-13","[team_1_leader_passing] tosses [team_1_leader_passing] TDs, [team_1_mascot] beat [team_2_mascot] [game_score]",1
2016,13,DAL,Dallas,Cowboys,17,Dak Prescott,139,1,0,Ezekiel Elliott,86,1,Dez Bryant,84,1,MIN,Minnesota,Vikings,15,Sam Bradford,247,1,0,Jerick McKinnon,41,0,Adam Thielen,86,0,Dez Bryant,1,Kai Forbath,3,Cowboys hold on against Vikings,[team_1_mascot] hold on against [team_2_mascot],1